fiscal_year,main_revenue_indicator_en,main_revenue_indicator_kh,sub_revenue_indicator_en,sub_revenue_indicator_kh,budget_law_amount ,implement_amount , deficit_surplus ,comment
2024,Current Revenue,ចំណូលចរន្ត,,,28836477,25717812.2,-3118664.8,
2024,Capital Revenue,ចំណូលមូលធន,Domestic Capital​ Revenue,ចំណូលមូលធនក្នុងស្រុក,363126,334364,-28762,
2024,Capital Revenue,ចំណូលមូលធន,Grant financing,ហិរញ្ញប្បទានឥតសំណង,67650,60393.4,-7256.6,
2024,Public Investment Financed by Foreign Countries,វិនិយោគសាធារណៈដោយហិរញ្ញប្បទានក្រៅប្រទេស,Capital revenue for projects by foreign financing,ចំណូលមូលធនសម្រាប់គម្រោងដោយហិរញ្ញប្បទានក្រៅប្រទេស,628727,1277229.3,648502.3,
2023,Current Revenue,ចំណូលចរន្ត,,,25564428,24641415,-923013,
2023,Capital Revenue,ចំណូលមូលធន,Domestic Capital​ Revenue,ចំណូលមូលធនក្នុងស្រុក,1144812,280414.5,-864397.5,
2023,Capital Revenue,ចំណូលមូលធន,Revenue from development partner's budgetary support fund,ចំណូលមូលនិធិទ្រទ្រង់ថវិការហិរញ្ញប្បទានដោយដៃគូរអភិវឌ្ឍ,1282508,1865064.2,582556.2,
2023,Public Investment Financed by Foreign Countries,វិនិយោគសាធារណៈដោយហិរញ្ញប្បទានក្រៅប្រទេស,Capital revenue for projects by foreign financing,ចំណូលមូលធនសម្រាប់គម្រោងដោយហិរញ្ញប្បទានក្រៅប្រទេស,6173415,5866062,-307353,
2022,Current Revenue,ចំណូលចរន្ត,,,22157343,24860865.8,2703522.8,
2022,Capital Revenue,ចំណូលមូលធន,Domestic Capital​ Revenue,ចំណូលមូលធនក្នុងស្រុក,1305259,116031.7,-1189227.3,
2022,Capital Revenue,ចំណូលមូលធន,Revenue from development partner's budgetary support fund,ចំណូលមូលនិធិទ្រទ្រង់ថវិការហិរញ្ញប្បទានដោយដៃគូរអភិវឌ្ឍ,1268280,1717898.9,449618.9,
2022,Public Investment Financed by Foreign Countries,វិនិយោគសាធារណៈដោយហិរញ្ញប្បទានក្រៅប្រទេស,Capital revenue for projects by foreign financing,ចំណូលមូលធនសម្រាប់គម្រោងដោយហិរញ្ញប្បទានក្រៅប្រទេស,5813484,5604534.4,-208949.6,
2021,Current Revenue,ចំណូលចរន្ត,,,19705983,20467086,761103,
2021,Capital Revenue,ចំណូលមូលធន,Domestic Capital​ Revenue,ចំណូលមូលធនក្នុងស្រុក,221203,56881.9,-164321.1,
2021,Capital Revenue,ចំណូលមូលធន,Revenue from development partner's budgetary support fund,ចំណូលមូលនិធិទ្រទ្រង់ថវិការហិរញ្ញប្បទានដោយដៃគូរអភិវឌ្ឍ,857500,1071438.9,213938.9,
2021,Public Investment Financed by Foreign Countries,វិនិយោគសាធារណៈដោយហិរញ្ញប្បទានក្រៅប្រទេស,Capital revenue for projects by foreign financing,ចំណូលមូលធនសម្រាប់គម្រោងដោយហិរញ្ញប្បទានក្រៅប្រទេស,5465650,5313576.7,-152073.3,
2020,Current Revenue,ចំណូលចរន្ត,,,23899324,21420989.1,-2478334.9,
2020,Capital Revenue,ចំណូលមូលធន,Domestic Capital​ Revenue,ចំណូលមូលធនក្នុងស្រុក,193341,185243.8,-8097.2,
2020,Capital Revenue,ចំណូលមូលធន,Revenue from development partner's budgetary support fund,ចំណូលមូលនិធិទ្រទ្រង់ថវិការហិរញ្ញប្បទានដោយដៃគូរអភិវឌ្ឍ,250000,1706395.8,1456395.8,
2020,Public Investment Financed by Foreign Countries,វិនិយោគសាធារណៈដោយហិរញ្ញប្បទានក្រៅប្រទេស,Capital revenue for projects by foreign financing,ចំណូលមូលធនសម្រាប់គម្រោងដោយហិរញ្ញប្បទានក្រៅប្រទេស,6053190,5187743.8,-865446.2,
2019,Current Revenue,ចំណូលចរន្ត,,,19593111,25395021.9,5801910.9,
2019,Capital Revenue,ចំណូលមូលធន,Domestic Capital​ Revenue,ចំណូលមូលធនក្នុងស្រុក,193149,181426.7,-11722.3,
2019,Capital Revenue,ចំណូលមូលធន,Revenue from development partner's budgetary support fund,ចំណូលមូលនិធិទ្រទ្រង់ថវិការហិរញ្ញប្បទានដោយដៃគូរអភិវឌ្ឍ,250000,448584.6,198584.6,
2019,Public Investment Financed by Foreign Countries,វិនិយោគសាធារណៈដោយហិរញ្ញប្បទានក្រៅប្រទេស,Capital revenue for projects by foreign financing,ចំណូលមូលធនសម្រាប់គម្រោងដោយហិរញ្ញប្បទានក្រៅប្រទេស,5323768,5027089.2,-296678.8,
2018,Current Revenue,ចំណូលចរន្ត,,,17460006,20146736,2686730,
2018,Capital Revenue,ចំណូលមូលធន,Domestic Capital​ Revenue,ចំណូលមូលធនក្នុងស្រុក,180193,194743,14550,
2018,Capital Revenue,ចំណូលមូលធន,Revenue from development partner's budgetary support fund,ចំណូលមូលនិធិទ្រទ្រង់ថវិការហិរញ្ញប្បទានដោយដៃគូរអភិវឌ្ឍ,250000,326791.9,76791.9,
2018,Public Investment Financed by Foreign Countries,វិនិយោគសាធារណៈដោយហិរញ្ញប្បទានក្រៅប្រទេស,Capital revenue for projects by foreign financing,ចំណូលមូលធនសម្រាប់គម្រោងដោយហិរញ្ញប្បទានក្រៅប្រទេស,4546939,4322212.2,-224726.8,
2017,Current Revenue,ចំណូលចរន្ត,,,15501469,16966686.5,1465217.5,
2017,Capital Revenue,ចំណូលមូលធន,Domestic Capital​ Revenue,ចំណូលមូលធនក្នុងស្រុក,148431,142240.8,-6190.2,
2017,Capital Revenue,ចំណូលមូលធន,Revenue from development partner's budgetary support fund,ចំណូលមូលនិធិទ្រទ្រង់ថវិការហិរញ្ញប្បទានដោយដៃគូរអភិវឌ្ឍ,250000,317567.6,67567.6,
2017,Public Investment Financed by Foreign Countries,វិនិយោគសាធារណៈដោយហិរញ្ញប្បទានក្រៅប្រទេស,Capital revenue for projects by foreign financing,ចំណូលមូលធនសម្រាប់គម្រោងដោយហិរញ្ញប្បទានក្រៅប្រទេស,4284557,4219485.8,-65071.2,
2016,Current Revenue,ចំណូលចរន្ត,,,13407263,14277622.6,870359.6,
2016,Capital Revenue,ចំណូលមូលធន,Domestic Capital​ Revenue,ចំណូលមូលធនក្នុងស្រុក,130864,119899.7,-10964.3,
2016,Capital Revenue,ចំណូលមូលធន,Revenue from development partner's budgetary support fund,ចំណូលមូលនិធិទ្រទ្រង់ថវិការហិរញ្ញប្បទានដោយដៃគូរអភិវឌ្ឍ,203000,286935.4,83935.4,
2016,Public Investment Financed by Foreign Countries,វិនិយោគសាធារណៈដោយហិរញ្ញប្បទានក្រៅប្រទេស,Capital revenue for projects by foreign financing,ចំណូលមូលធនសម្រាប់គម្រោងដោយហិរញ្ញប្បទានក្រៅប្រទេស,3871350,3831250.2,-40099.8,
2015,Current Revenue,ចំណូលចរន្ត,,,11014644,12245639.1,1230995.1,
2015,Capital Revenue,ចំណូលមូលធន,Domestic Capital​ Revenue,ចំណូលមូលធនក្នុងស្រុក,133586,121383.1,-12202.9,
2015,Capital Revenue,ចំណូលមូលធន,Revenue from development partner's budgetary support fund,ចំណូលមូលនិធិទ្រទ្រង់ថវិការហិរញ្ញប្បទានដោយដៃគូរអភិវឌ្ឍ,300000,141776.3,-158223.7,
2015,Public Investment Financed by Foreign Countries,វិនិយោគសាធារណៈដោយហិរញ្ញប្បទានក្រៅប្រទេស,Capital revenue for projects by foreign financing,ចំណូលមូលធនសម្រាប់គម្រោងដោយហិរញ្ញប្បទានក្រៅប្រទេស,3687000,3720405.3,33405.3,
2014,Current Revenue,ចំណូលចរន្ត,,,9712627,10829696.6,1117069.6,
2014,Capital Revenue,ចំណូលមូលធន,Domestic Capital​ Revenue,ចំណូលមូលធនក្នុងស្រុក,233000,183996.1,-49003.9,
2014,Capital Revenue,ចំណូលមូលធន,Revenue from development partner's budgetary support fund,ចំណូលមូលនិធិទ្រទ្រង់ថវិការហិរញ្ញប្បទានដោយដៃគូរអភិវឌ្ឍ,260000,16768.2,-243231.8,
2014,Public Investment Financed by Foreign Countries,វិនិយោគសាធារណៈដោយហិរញ្ញប្បទានក្រៅប្រទេស,Capital revenue for projects by foreign financing,ចំណូលមូលធនសម្រាប់គម្រោងដោយហិរញ្ញប្បទានក្រៅប្រទេស,3460000,4240479.9,780479.9,
2013,Government deposits,បញ្ញើររដ្ឋាភិបាល,Government deposits,បញ្ញើររដ្ឋាភិបាល,171274,0,231827.4,"This figure includes the use of government deposits amounting to 171,274 million riels."
2013,Current Revenue,ចំណូលចរន្ត,,,8473778.3,8705605.7,231827.4,
2013,Capital Revenue,ចំណូលមូលធន,Domestic Capital​ Revenue,ចំណូលមូលធនក្នុងស្រុក,82000,68169.7,-13830.3,
2013,Capital Revenue,ចំណូលមូលធន,Revenue from development partner's budgetary support fund,ចំណូលមូលនិធិទ្រទ្រង់ថវិការហិរញ្ញប្បទានដោយដៃគូរអភិវឌ្ឍ,222021,280674.7,58653.7,
2013,Public Investment Financed by Foreign Countries,វិនិយោគសាធារណៈដោយហិរញ្ញប្បទានក្រៅប្រទេស,Capital revenue for projects by foreign financing,ចំណូលមូលធនសម្រាប់គម្រោងដោយហិរញ្ញប្បទានក្រៅប្រទេស,3146000,4306083.9,1160083.9,
2012,Government deposits,បញ្ញើររដ្ឋាភិបាល,Government deposits,បញ្ញើររដ្ឋាភិបាល,7325,0,-7325,"This figure includes the use of government deposits amounting to 7,325  million riels."
2012,Current Revenue,ចំណូលចរន្ត,,,7300657,7892679.9,592022.9,
2012,Capital Revenue,ចំណូលមូលធន,Domestic Capital​ Revenue,ចំណូលមូលធនក្នុងស្រុក,80000,250851.7,170851.7,
2012,Capital Revenue,ចំណូលមូលធន,Revenue from development partner's budgetary support fund,ចំណូលមូលនិធិទ្រទ្រង់ថវិការហិរញ្ញប្បទានដោយដៃគូរអភិវឌ្ឍ,520000,118120.5,-401879.5,
2012,Public Investment Financed by Foreign Countries,វិនិយោគសាធារណៈដោយហិរញ្ញប្បទានក្រៅប្រទេស,Capital revenue for projects by foreign financing,ចំណូលមូលធនសម្រាប់គម្រោងដោយហិរញ្ញប្បទានក្រៅប្រទេស,2860000,4022634.5,1162634.5,
2011,Government deposits,បញ្ញើររដ្ឋាភិបាល,Government deposits,បញ្ញើររដ្ឋាភិបាល,350550,0,-350550,"This figure includes the use of government deposits amounting to 350,550  million riels."
2011,Current Revenue,ចំណូលចរន្ត,,,6499652,6370103.2,-129548.8,
2011,Capital Revenue,ចំណូលមូលធន,Domestic Capital​ Revenue,ចំណូលមូលធនក្នុងស្រុក,57000,76544.3,19544.3,
2011,Capital Revenue,ចំណូលមូលធន,Revenue from development partner's budgetary support fund,ចំណូលមូលនិធិទ្រទ្រង់ថវិការហិរញ្ញប្បទានដោយដៃគូរអភិវឌ្ឍ,342450,222019.5,-120430.5,
2011,Public Investment Financed by Foreign Countries,វិនិយោគសាធារណៈដោយហិរញ្ញប្បទានក្រៅប្រទេស,Capital revenue for projects by foreign financing,ចំណូលមូលធនសម្រាប់គម្រោងដោយហិរញ្ញប្បទានក្រៅប្រទេស,2600000,3402691.8,802691.8,
2010,Government deposits,បញ្ញើររដ្ឋាភិបាល,Government deposits,បញ្ញើររដ្ឋាភិបាល,195000,0,-195000,"This figure includes the use of government deposits amounting to195,000  million riels."
2010,Current Revenue,ចំណូលចរន្ត,,,5692772.9,5812516.3,119743.4,
2010,Capital Revenue,ចំណូលមូលធន,Domestic Capital​ Revenue,ចំណូលមូលធនក្នុងស្រុក,48000,129917.4,81917.4,
2010,Capital Revenue,ចំណូលមូលធន,Revenue from development partner's budgetary support fund,ចំណូលមូលនិធិទ្រទ្រង់ថវិការហិរញ្ញប្បទានដោយដៃគូរអភិវឌ្ឍ,364000,166283.6,-197716.4,
2010,Public Investment Financed by Foreign Countries,វិនិយោគសាធារណៈដោយហិរញ្ញប្បទានក្រៅប្រទេស,Capital revenue for projects by foreign financing,ចំណូលមូលធនសម្រាប់គម្រោងដោយហិរញ្ញប្បទានក្រៅប្រទេស,2000000,3420428.6,1420428.6,
2009,Government deposits,បញ្ញើររដ្ឋាភិបាល,Government deposits,បញ្ញើររដ្ឋាភិបាល,90000,0,-90000,"This figure includes the use of government deposits amounting to 90,000  million riels."
2009,Current Revenue,ចំណូលចរន្ត,,,5086566.7,4898895.7,-187671,
2009,Capital Revenue,ចំណូលមូលធន,Domestic Capital​ Revenue,ចំណូលមូលធនក្នុងស្រុក,48000,29284.5,-18715.5,
2009,Capital Revenue,ចំណូលមូលធន,Revenue from development partner's budgetary support fund,ចំណូលមូលនិធិទ្រទ្រង់ថវិការហិរញ្ញប្បទានដោយដៃគូរអភិវឌ្ឍ,335000,315106.3,-19893.7,
2009,Public Investment Financed by Foreign Countries,វិនិយោគសាធារណៈដោយហិរញ្ញប្បទានក្រៅប្រទេស,Capital revenue for projects by foreign financing,ចំណូលមូលធនសម្រាប់គម្រោងដោយហិរញ្ញប្បទានក្រៅប្រទេស,1700000,2752140.3,1052140.3,
2008,Government deposits,បញ្ញើររដ្ឋាភិបាល,Government deposits,បញ្ញើររដ្ឋាភិបាល,65067,0,-65067,"This figure includes the use of government deposits amounting to 65,067  million riels."
2008,Current Revenue,ចំណូលចរន្ត,,,3886917,5213163,1326246,
2008,Capital Revenue,ចំណូលមូលធន,Domestic Capital​ Revenue,ចំណូលមូលធនក្នុងស្រុក,100000,79208,-20792,
2008,Capital Revenue,ចំណូលមូលធន,Revenue from development partner's budgetary support fund,ចំណូលមូលនិធិទ្រទ្រង់ថវិការហិរញ្ញប្បទានដោយដៃគូរអភិវឌ្ឍ,221400,281577,60177,
2008,Public Investment Financed by Foreign Countries,វិនិយោគសាធារណៈដោយហិរញ្ញប្បទានក្រៅប្រទេស,Capital revenue for projects by foreign financing,ចំណូលមូលធនសម្រាប់គម្រោងដោយហិរញ្ញប្បទានក្រៅប្រទេស,1400000,1926193,526193,
2007,Current Revenue,ចំណូលចរន្ត,,,3252173,4012105,759932,
2007,Capital Revenue,ចំណូលមូលធន,Domestic Capital​ Revenue,ចំណូលមូលធនក្នុងស្រុក,30000,9000,-21000,
2007,Capital Revenue,ចំណូលមូលធន,Revenue from development partner's budgetary support fund,ចំណូលមូលនិធិទ្រទ្រង់ថវិការហិរញ្ញប្បទានដោយដៃគូរអភិវឌ្ឍ,230133,180968,-49165,
2007,Public Investment Financed by Foreign Countries,វិនិយោគសាធារណៈដោយហិរញ្ញប្បទានក្រៅប្រទេស,Capital revenue for projects by foreign financing,ចំណូលមូលធនសម្រាប់គម្រោងដោយហិរញ្ញប្បទានក្រៅប្រទេស,1110000,1682289,572289,
2006,Current Revenue,ចំណូលចរន្ត,,,2740720,2881720,141000,
2006,Capital Revenue,ចំណូលមូលធន,Domestic Capital​ Revenue,ចំណូលមូលធនក្នុងស្រុក,72000,377451,305451,
2006,Capital Revenue,ចំណូលមូលធន,Revenue from development partner's budgetary support fund,ចំណូលមូលនិធិទ្រទ្រង់ថវិការហិរញ្ញប្បទានដោយដៃគូរអភិវឌ្ឍ,143605,137839,-5766,
2006,Public Investment Financed by Foreign Countries,វិនិយោគសាធារណៈដោយហិរញ្ញប្បទានក្រៅប្រទេស,Capital revenue for projects by foreign financing,ចំណូលមូលធនសម្រាប់គម្រោងដោយហិរញ្ញប្បទានក្រៅប្រទេស,857800,1331042,473242,
2005,Current Revenue,ចំណូលចរន្ត,,,2282600,2473749,191149,
2005,Capital Revenue,ចំណូលមូលធន,Domestic Capital​ Revenue,ចំណូលមូលធនក្នុងស្រុក,16000,151.57,-15848.43,
2005,Capital Revenue,ចំណូលមូលធន,Revenue from development partner's budgetary support fund,ចំណូលមូលនិធិទ្រទ្រង់ថវិការហិរញ្ញប្បទានដោយដៃគូរអភិវឌ្ឍ,120000,119685,-315,
2005,Public Investment Financed by Foreign Countries,វិនិយោគសាធារណៈដោយហិរញ្ញប្បទានក្រៅប្រទេស,Capital revenue for projects by foreign financing,ចំណូលមូលធនសម្រាប់គម្រោងដោយហិរញ្ញប្បទានក្រៅប្រទេស,750000,1134.56,-748865.44,
